{"cameraMode":{"drawMode":0,"name":"Shaded","section":"Shading Mode"},"sceneLighting":true,"audioPlay":false,"sceneViewState":{"showFog":true,"showMaterialUpdate":false,"showSkybox":true,"showFlares":true,"showImageEffects":true,"showParticleSystems":true},"in2DMode":false,"pivot":{"x":454.7442321777344,"y":194.5467071533203,"z":1130.567138671875},"rotation":{"x":0.30439311265945437,"y":-0.46686452627182009,"z":0.17509497702121736,"w":0.8116183280944824},"size":100.69004821777344,"orthographic":false}